id,views,likes,shares,duration,description,url
7303256736117345569,597700,48200,797,60,Im here broski. Winning @Ferg Solo Tournament with highest kills as a winner. #codm #callofdutymobile #callofdutymobileclips #codmclips #codmobile #codmbr #codmobileclips ,https://www.tiktok.com/@akmancodm/video/7303256736117345569
7288019005284060449,500500,40500,506,30,Final zone clutch @LotexYT  #codm #callofdutymobile #callofdutymobileclips #codmclips #codmbr #codmobileclips #codmobile ,https://www.tiktok.com/@akmancodm/video/7288019005284060449
7084039342171229445,379900,27100,418,15,prediction level overextended #codm #fy #callofduty #codmmontage #montage #codmclips #callofduty_mobile #codmobileclips #codmobile #callofdutymobile #,https://www.tiktok.com/@akmancodm/video/7084039342171229445
7397329281430392096,126700,15600,270,58,He didnt know why the door is not opening...  #akmancodm #codmobile,https://www.tiktok.com/@akmancodm/video/7397329281430392096
7397190544054586656,199700,23900,863,302,they did me dirty... #akmancodm #codmobile,https://www.tiktok.com/@akmancodm/video/7397190544054586656
7396771694620347680,260500,31500,1017,27,Lilly x Akman pt. 4 #akmancodm #codmobile,https://www.tiktok.com/@akmancodm/video/7396771694620347680
7396531054330383649,263100,34400,992,17,WHY ACTIVISION !!!!!!!  #akmancodm #codmobile,https://www.tiktok.com/@akmancodm/video/7396531054330383649
7396529309168569633,248500,30300,955,106,Lilly x Akman pt. 3 #akmancodm #codmobile,https://www.tiktok.com/@akmancodm/video/7396529309168569633
7396447106975812896,197500,26300,651,80,Lilly x Akman pt2  #akmancodm #codmobile,https://www.tiktok.com/@akmancodm/video/7396447106975812896
7396406174574202145,135000,13700,408,28,why always me  @noone.amk @vengeance_og @albozzOG  #akmancodm #codmlive ,https://www.tiktok.com/@akmancodm/video/7396406174574202145
7396350405187308832,123300,10500,171,68,he didnt deserve this @miturdeath  on 80ms #akmancodm #codmobile,https://www.tiktok.com/@akmancodm/video/7396350405187308832
7396196884626279712,161300,10700,194,33,intense endzone with pistol + shotgun  @akmanlive  #akmancodm #codmobile,https://www.tiktok.com/@akmancodm/video/7396196884626279712
7396073444984605985,458300,61500,1854,65,CHAT we found LILLY #akmancodm #codmobile,https://www.tiktok.com/@akmancodm/video/7396073444984605985
7395982568857898272,192600,18700,338,34,dont shoot dont shoot buddy @akmanlive  #akmancodm #codmobile,https://www.tiktok.com/@akmancodm/video/7395982568857898272
7396404712360135982,551600,66100,348,12,What Kinda Business Is Riot Running ğŸ’€ ğŸ’€ #fyp #valorant #val #valorantfunny #valorantedit #vct #vctchampions #aimvalorant ,https://www.tiktok.com/@dailyvaluploads/video/7396404712360135982
7396283701954383146,167300,10100,63,110,TenZ Explains Why Counter Strafing Is Useless & Why Shroud Has The Best Movement #fyp #valorant #val #valorantfunny #valorantedit #vct #vctchampions #aimvalorant ,https://www.tiktok.com/@dailyvaluploads/video/7396283701954383146
7395100086415461675,960900,59700,1119,67,1 Minute Of Kyedae Getting Mad At TenZ #fyp #valorant #val #valorantfunny #valorantedit #vct #vctchampions #aimvalorant ,https://www.tiktok.com/@dailyvaluploads/video/7395100086415461675
7394781406838181162,295400,13900,200,61,When Kyedae Exposed She Has Attachment Issues With TenZ #fyp #valorant #val #valorantfunny #valorantedit #vct #vctchampions #aimvalorant,https://www.tiktok.com/@dailyvaluploads/video/7394781406838181162
7394703504830434603,1100000,90500,283,61,When TenZ Found Out Neon's Wall Didnt Do Damage Anymore #fyp #valorant #val #valorantfunny #valorantedit #vct #vctchampions #aimvalorant ,https://www.tiktok.com/@dailyvaluploads/video/7394703504830434603
7392769638972575018,116000,5278,99,109,TenZ Leaks How He SETUP True Stretched In VCT And How You Can Do It #fyp #valorant #val #valorantfunny #valorantedit #vct #vctchampions #aimvalorant ,https://www.tiktok.com/@dailyvaluploads/video/7392769638972575018
7366336951638707488,2300000,337000,2919,20,insane sage highlights! #valorant #valorantclips #valorantgaming #valorantfunny #sage #radiant,https://www.tiktok.com/@thanavalorant/video/7366336951638707488
7357978167967108384,3100000,291400,985,10,I just hit a clip! #valorant #valorantmemes #valorantfunny #valorantgaming ,https://www.tiktok.com/@thanavalorant/video/7357978167967108384
7346636479726226730,2500000,181100,2268,52,THIS IS VALORANTTTTT #valorant #csgo #valorantmoments #prx #edg ,https://www.tiktok.com/@valorantrewind/video/7346636479726226730
7350010915690908971,4600000,317400,977,8,@TenZ is tooo good#valorant #valorantclips #tenz #hospitalflick #valorantmoments #sentinels #val #sen ,https://www.tiktok.com/@valorantrewind/video/7350010915690908971
7349628297954823466,2800000,172500,546,32,The ğŸ @TenZ #valorant #tenz #sentinels #prx #valorantclips #vct #clutch ,https://www.tiktok.com/@valorantrewind/video/7349628297954823466
7394274940775714090,126300,8522,162,60,VCT Champions 2024 gonna be awesome ğŸ˜‚ #valorantclips #vctchampions #vctamericas #prx #leviatan #sentinels ,https://www.tiktok.com/@valorantrewind/video/7394274940775714090
7394267669416938795,183300,8968,59,78,"Ggs, lev win americas! #valorantclips #valoranthighlights #leviatan #aspas @Erick Santos #vct #vctchampions ",https://www.tiktok.com/@valorantrewind/video/7394267669416938795
7394214905496276266,123700,5039,56,61,My goat!!! #valorantclips @Erick Santos @LEVIATAN @G2 Esports #g2  #aspas #valorantmoments #valoranthighlights #vctamericas ,https://www.tiktok.com/@valorantrewind/video/7394214905496276266
7020794534980242694,2100000,263500,2284,7,Am I legit?? #fyp #foryou #valorant #valorantclips #edit #slowmo #hospitalflick #satisfying #viral #fypã‚· #valorantindonesia #valorantreyna #fy,https://www.tiktok.com/@evnii_/video/7020794534980242694
7380376244895993121,119000,8679,75,21,aimer #valorant #fyp #foryou #foryoupage #valorantclips #valorantgaming #val ,https://www.tiktok.com/@evnii_/video/7380376244895993121
7378560012399971617,251400,1468,20,72,lol #valorant #fyp #foryou #foryoupage #valorantclips #valorantgaming #val ,https://www.tiktok.com/@evnii_/video/7378560012399971617
7040647018984885509,862300,169600,413,33,when they think youâ€™re @kaemiii_ ğŸ˜‚ğŸ’€#valorant #valorantclips #valorantgaming,https://www.tiktok.com/@juicisushi/video/7040647018984885509
7001513021029879045,3600000,174900,770,10,People either hate or love this audio ğŸ˜‚      #valorant #valorantclips #valorantgaming,https://www.tiktok.com/@juicisushi/video/7001513021029879045
7044726381829262598,2300000,225400,905,28,we just gave up lol. ğŸ˜” #valorant #valorantclips #valorantgaming,https://www.tiktok.com/@juicisushi/video/7044726381829262598
7083657692828421382,378900,15800,356,28,An useful app to have! #valorant #valorantclips #valorantgaming,https://www.tiktok.com/@juicisushi/video/7083657692828421382
7078099370549267717,767900,74000,1175,25,"3 winners - 10,000 VP + a feature ğŸ˜³ #valorant #valorantclips #llcchallenge",https://www.tiktok.com/@juicisushi/video/7078099370549267717
7076456830016228614,192500,23800,108,26,"Faking to be a clone is fun, when it works...  #valorant #valorantclips #llcchallenge",https://www.tiktok.com/@juicisushi/video/7076456830016228614
7054947671471230213,196600,22500,338,21,toxic and drawing when bottom frag ğŸ¤¦â€â™‚ï¸ #valorant #valorantclips #valorantgaming,https://www.tiktok.com/@juicisushi/video/7054947671471230213
7054580976659254533,120500,9926,59,40,Girl voice in Japan servers ğŸ˜‚ #valorant #valorantclips #valorantgaming #twitch,https://www.tiktok.com/@juicisushi/video/7054580976659254533
7054207969910705414,155100,22800,119,33,F in chat for Reyna ğŸ˜­ #valorant #valorantclips #gamergirl #twitch,https://www.tiktok.com/@juicisushi/video/7054207969910705414
7053471833114430726,1400000,203000,705,39,girl voice stops the dodge #valorant #valorantclips #valorantgaming,https://www.tiktok.com/@juicisushi/video/7053471833114430726
7053259832333323526,565300,89500,322,25,10/10 heart drawing #valorant #twitch #valorantclips #valorantgaming,https://www.tiktok.com/@juicisushi/video/7053259832333323526
7285125083721452806,3100000,222500,589,60,GIANT CONNECTOR SMOKE ON MIRAGE #CS2 #COUNTERSTRIKE,https://www.tiktok.com/@goldcsnades/video/7285125083721452806
7275604289890897158,5100000,304700,931,61,THE BEST B SITE UTILITY #CS2 #COUNTERSTRIKE,https://www.tiktok.com/@goldcsnades/video/7275604289890897158
7274412739790032133,2400000,145900,641,61,BANANA ONE WAY SMOKE #CS2 #COUNTERSTRIKE,https://www.tiktok.com/@goldcsnades/video/7274412739790032133
7396936853884112133,153100,9840,26,60,ANTI PEEK SMOKE ON DUST 2 #CS2 #COUNTERSTRIKE ,https://www.tiktok.com/@goldcsnades/video/7396936853884112133
7396147592968604934,229500,14000,77,60,MIRAGE LOOKS DIFFERENT #CS2 #COUNTERSTRIKE ,https://www.tiktok.com/@goldcsnades/video/7396147592968604934
7395821645950192901,109600,5832,16,39,TRASH CAN SMOKES ON MIRAGE #CS2 #COUNTERSTRIKE ,https://www.tiktok.com/@goldcsnades/video/7395821645950192901
7392587688055999777,1000000,92700,263,20,"NEYMAR strikes again, this time in CS2 ğŸ˜† #cs2 #fyp #counterstrike #cs2funny #cs2memes #cs2moments #neymar ",https://www.tiktok.com/@skinsmonkey_com/video/7392587688055999777
7392309355066035489,344800,27600,103,18,My typical teammate in CS2... ğŸ˜† #cs2 #fyp #counterstrike #cs2funny #cs2memes #cs2moments ,https://www.tiktok.com/@skinsmonkey_com/video/7392309355066035489
7391145250770783521,1900000,182300,400,13,Too much training in CS2... ğŸ˜† #cs2 #fyp #counterstrike #cs2funny #cs2memes #cs2moments ,https://www.tiktok.com/@skinsmonkey_com/video/7391145250770783521
7387091456357420321,200600,8173,26,25,How to win every round in CS2 ğŸ˜† #cs2 #fyp #counterstrike #cs2funny #cs2memes #cs2moments #englishorspanish ,https://www.tiktok.com/@skinsmonkey_com/video/7387091456357420321
7384892772077112609,2000000,153900,434,18,0.01% CS2 clutch situation ğŸ˜† #cs2 #fyp #counterstrike #cs2funny #cs2memes #cs2moments ,https://www.tiktok.com/@skinsmonkey_com/video/7384892772077112609
7383373011883281697,2800000,215400,610,22,Michael Jackson Peek is back! âš ï¸ #cs2 #fyp #counterstrike #cs2funny #cs2memes #cs2moments #michaeljackson ,https://www.tiktok.com/@skinsmonkey_com/video/7383373011883281697
7381904702025288992,910800,59800,291,22,When you want to help your CS2 team... ğŸ˜³ #cs2 #fyp #counterstrike #cs2funny #cs2memes #cs2moments #cs2nades ,https://www.tiktok.com/@skinsmonkey_com/video/7381904702025288992
7380416491323264289,3100000,159100,330,41,New SECRET boost on de_nuke? ğŸ¤¯ #fyp #cs2 #counterstrike #cs2funny #cs2moments #cs2memes ,https://www.tiktok.com/@skinsmonkey_com/video/7380416491323264289
7376715603903532320,974300,61800,487,17,Valorant cooked CS2 update ğŸ˜† #fyp #cs2 #counterstrike #cs2funny #cs2moments #csgomemes ,https://www.tiktok.com/@skinsmonkey_com/video/7376715603903532320
7320933253265820960,1800000,201000,2824,19,All love Valo Friends! ğŸ¤ğŸ»ğŸ«¶ğŸ» #cs2 #counterstrike #gaming #gamingtiktok #fyp #fpsgames #streamhighlights ,https://www.tiktok.com/@133pixels/video/7320933253265820960
7304703494835932448,773900,90700,1483,29,Cs community>>>>>> #cs2 #counterstrike #funny #fyp #streamhighlights ,https://www.tiktok.com/@133pixels/video/7304703494835932448
7288366571636935968,674900,86300,218,31,Can You Still Dance In CS2? ğŸ¤” #cs2 #counterstrike #fyp #cs2update #gamingontiktok #gamingtok #valve #steamgames #csupdate ,https://www.tiktok.com/@133pixels/video/7288366571636935968
7384455757456018721,891700,34500,203,43,Daily CS2 Fail clips #fails #gamefail #gamefails #cs2 #csmeme #cs2memes #counterstrike #counterstrike2 #counterstrikeglobaloffensive #gaming #gamingontiktok ,https://www.tiktok.com/@el_schlachto/video/7384455757456018721
7383225309694266656,590600,72000,514,11,Daily CS2 Fail clips #fails #gamefail #gamefails #cs2 #csmeme #cs2memes #counterstrike #counterstrike2 #counterstrikeglobaloffensive #gaming #gamingontiktok ,https://www.tiktok.com/@el_schlachto/video/7383225309694266656
7381092986983140640,3300000,75600,146,51,Daily CS2 Fail clips #fails #gamefail #gamefails #cs2 #csmeme #cs2memes #counterstrike #counterstrike2 #counterstrikeglobaloffensive #gaming #gamingontiktok ,https://www.tiktok.com/@el_schlachto/video/7381092986983140640
7393014861724192032,129400,7693,39,22,Daily CS2 Fail clips #fails #gamefail #gamefails #cs2 #csmeme #cs2memes #counterstrike #counterstrike2 #counterstrikeglobaloffensive #gaming #gamingontiktok #gamefails #gamefail ,https://www.tiktok.com/@el_schlachto/video/7393014861724192032
7373185608727973125,1300000,27000,1057,61,Ø¹Ø·ÙˆÙ†Ø§ Ø¹Ù†ÙˆØ§Ù† Ù…Ù†Ø§Ø³Ø¨ Ù„Ù„ÙÙŠØ¯ÙŠÙˆ â¤ï¸#pubgmobile #pubgm #CapCut #pubgchallenge #Ø¨Ø¨Ø¬ÙŠ_Ù…Ø­ØªØ±ÙÙŠÙ† #Ø·Ø§ÙˆØ©_Ø¹Ù…Ùƒ_Ø§Ù„Ù…Ø®ØªØ§Ø± #foryoupage #Ø¨Ø¨Ø¬ÙŠ_Ù…ÙˆØ¨Ø§ÙŠÙ„ #pubglover #Ø¨Ø¨Ø¬ÙŠ #pubg #Ø¨ÙˆØ¨Ø¬ÙŠ #VNVideoEditor #1min #Ø¨Ø¨Ø¬ÙŠ_Ø§Ù„Ø³Ø¹ÙˆØ¯ÙŠØ© #viralvideo ,https://www.tiktok.com/@s7_mokhtar/video/7373185608727973125
7326114356696059137,2000000,31500,252,44,Victor respect for love ğŸ«¶â¤ï¸ #foryou #pubgmobile #100k #kabul #iraq #Ø¹Ø±Ø¨ÛŒ ,https://www.tiktok.com/@sirat._1/video/7326114356696059137
7276765635537931522,15100000,455800,4349,28,#foryou  #pubgmobile  #100k  #kabul  #pik ,https://www.tiktok.com/@sirat._1/video/7276765635537931522
7284787543491562757,1100000,49800,830,106,Snowboard + Zigzag Movement ğŸ”¥ (Pov: Idol mo si Tokyo Gaming) #codm #codmobile #codmph #callofdutymobile #fyp #fypã‚·ã‚šviral #foryou #foryoupage #foryoupageofficiall #foryoupageâ¤ï¸â¤ï¸ #codmobileclips #codmhighlights #snowboard #movement #tutorial #tips #tokyogaming #tokyogamingph #superjeff #holyfather #renzugamingph #Gaming ,https://www.tiktok.com/@super_jeffzxc/video/7284787543491562757
7392031139474509077,199400,7478,131,416,42 KILLS GAMEPLAY! SOLO VS SQUAD! BP50 ATTACHMENTS AT THE END! #codm #codmobile #fyp #fypã‚· #foryou #foryoupage #superjeff,https://www.tiktok.com/@super_jeffzxc/video/7392031139474509077
7390147352528424213,347000,18300,355,97,DODGING BULLETS W/ SNOWBOARDğŸ‚ #CODM #codmobile #fyp #foryou #foryoupage #SUPERJEFF,https://www.tiktok.com/@super_jeffzxc/video/7390147352528424213
7388716675903819029,266300,13900,208,30,POV: You are tired (Quick 1v4 squadwipe) #codm #codmobile #fyp #foryou #foryoupage #superjeff,https://www.tiktok.com/@super_jeffzxc/video/7388716675903819029
7244113990035590406,1600000,213000,1693,12,matapang kahit botfrag #foryoupage #fypã‚· #codm #callofdutymobile #fyp #codmobile #callofdutyphilippines #callofduty #larygadon #codmmemes ,https://www.tiktok.com/@nabi.codm/video/7244113990035590406
7315976449821904133,998200,123800,1832,10,sige ituro mo #foryoupage #fypã‚· #einnvalhallaesports #COD #callofdutymobile #fyp crdts ravvvv,https://www.tiktok.com/@nabi.codm/video/7315976449821904133
7352056663026781445,1400000,230600,2897,13,botfrag cutie nga #fyp #foryoupage #einnvalhallaesports #callofdutymobile #COD #callofdutyphilippines #fypã‚· #fypã‚· #callofdutymobilephilippines #codm #codmobile #callofduty ,https://www.tiktok.com/@nabi.codm/video/7352056663026781445
7121805842881711406,5300000,648200,5458,7,ğŸ¥¹ğŸ¥¹ #fyp #viral #aesthetic #mw #codtok #modernwarfare,https://www.tiktok.com/@wesoncod/video/7121805842881711406
7159427932405157166,3200000,344100,1799,30,FortZone! Class @ The End #rebirthisland #fortnite #fyp #viral #codtok #funny,https://www.tiktok.com/@wesoncod/video/7159427932405157166
7359054993774660907,5900000,423900,4024,20,Settings on my YT:Wesoncodâ¤ï¸ #rebirthisland #warzone #fyp #viral #codtok #warzoneloadout,https://www.tiktok.com/@wesoncod/video/7359054993774660907
7391343330413530410,115700,13300,112,16,BEST LoadysğŸ¤¯CAM0S !N B!0 #rebirthisland #warzone #fyp #viral #codtok #warzoneloadout,https://www.tiktok.com/@wesoncod/video/7391343330413530410
7385367711372594475,2200000,209900,3496,33,FortZoneğŸ¤¯CAM0S !N B!0 #rebirthisland #warzone #fyp #viral #codtok #warzoneloadout,https://www.tiktok.com/@wesoncod/video/7385367711372594475
7385058726622809387,151000,16400,133,16,BEST LoadysğŸ¤¯CAM0S !N B!0 #rebirthisland #warzone #fyp #viral #codtok #warzoneload,https://www.tiktok.com/@wesoncod/video/7385058726622809387
7384873428253330734,538900,57800,699,11,BEST Spas-12 ClassğŸ¤¯CAM0S !N B!0 #rebirthisland #warzone #fyp #viral #codtok #warzoneloadout,https://www.tiktok.com/@wesoncod/video/7384873428253330734
7383170078977625386,415500,47700,218,16,Broken LoadysğŸ¤¯CAM0S !N B!0 #rebirthisland #warzone #fyp #viral #codtok #warzoneloadout,https://www.tiktok.com/@wesoncod/video/7383170078977625386
7378730624825265450,1300000,115900,1147,23,HRM is BACKğŸ¥°CAM0S !N B!0 #rebirthisland #warzone #fyp #viral #codtok #warzoneloadout,https://www.tiktok.com/@wesoncod/video/7378730624825265450
7377387287237135622,893100,55400,1621,90,OmoğŸ˜­ğŸ’” which kind life be this ğŸ˜­ğŸ˜­ #codm #codmobile #callofduty #fyp #fypã‚·viral #foryoupage #funnyvideos #viralvideo #explorepage #fypã‚·ã‚š ,https://www.tiktok.com/@cod_silver_/video/7377387287237135622
7376333662318595333,949400,61900,1478,47,Make una help me find am abeg #codm #codmobile #callofduty #fyp #fypã‚·viral #foryoupage #funnyvideos #viralvideo #explorepage #fypã‚·ã‚š ,https://www.tiktok.com/@cod_silver_/video/7376333662318595333
7369667057538960646,2000000,141600,1618,46,@Virgo ohhğŸ˜‚ğŸ˜‚ #codm #codmobilebr #callofdutymobile #cod ,https://www.tiktok.com/@cod_silver_/video/7369667057538960646
7225621992563559685,121000,12900,234,503,THANKS FOR 10K ğŸ¤—â¤ï¸ #primecodm #codmobile #codnigeria #foryou #fyp #viral #new #awesome #codmemes ,https://www.tiktok.com/@primeministergaming_/video/7225621992563559685
7225887930064112902,172000,12900,548,450,SENSITIVITY SETTINGS PT 2 #primecodm #codmobile #codnigeria #fyp #foryou #new #viral #awesome #shotgun #odin #codmemes ,https://www.tiktok.com/@primeministergaming_/video/7225887930064112902
7393015146689367302,162900,22000,815,174,Epic Fail | PT.1  #fyp #primeministergaming #gamingontiktok #primecodm #viral #awesome #new #codmobile #codm ,https://www.tiktok.com/@primeministergaming_/video/7393015146689367302
7321380760785603872,358300,33400,500,57,CALL OF DUTY MOBILE !!!!! #codmbattleroyale #callofdutymobile #codm #codmbr #codmobile #funnymoments ,https://www.tiktok.com/@lotex_official/video/7321380760785603872
7322557707658005793,116100,14900,310,79,#codmbattleroyale #callofdutymobile #codm #codmobile #codmbr #funnymoments #codmalcatraz ,https://www.tiktok.com/@lotex_official/video/7322557707658005793
7395015158008958241,103000,12300,274,57,Insane snipe in a 1vs4 situation #callofdutymobile #codm #codmobile ,https://www.tiktok.com/@lotex_official/video/7395015158008958241
7394128931382693153,225200,27000,1568,53,Sorry @Ferg  #callofdutymobile #codm #codmobile ,https://www.tiktok.com/@lotex_official/video/7394128931382693153
7368888956403928352,903000,52800,512,500,"Replying to @Admin perfect aim, perfect loadout - shoutout to one and only @SlayeR for the best ak117 loadout ğŸ”¥ dont forget to follow him ğŸ‘Š  #codm #cod #preycodm ",https://www.tiktok.com/@prey.codm/video/7368888956403928352
7370344522888351009,2600000,158200,1097,38,BY-15 marksman ğŸ˜‚ #codm #cod #preycodm ,https://www.tiktok.com/@prey.codm/video/7370344522888351009
7299921294512885024,2600000,165400,1552,279,Replying to @MarinongMj AK47 with red dot #codm #cod #preycodm,https://www.tiktok.com/@prey.codm/video/7299921294512885024
7395192963954904352,206300,13000,93,52,Graphic settings #preycodm #preycodmtutorial ,https://www.tiktok.com/@prey.codm/video/7395192963954904352
7397695706145836321,434100,36200,200,487,Basic settings #preycodm #preycodmtutorial #codm #cod,https://www.tiktok.com/@prey.codm/video/7397695706145836321
7399361813235682566,113500,4795,39,28,POV: you clutch in valorant but you cannot remember #valorant #fyp #valorantclutch ,https://www.tiktok.com/@sq_clips/video/7399361813235682566
7397877634442513669,2500000,249700,1019,19,When youâ€™re new to valorantâ€¦ But youâ€™re good at chess #valorant #fyp #valorantclips ,https://www.tiktok.com/@sq_clips/video/7397877634442513669
7399299541368966405,122000,10500,62,15,POV: you clutch in valorant but you see things #valorant #fyp #valorantmeme ,https://www.tiktok.com/@sq_clips/video/7399299541368966405
7397469862387338538,6900000,299900,662,89,Steak and Eggs on a Swedish Log?! ğŸ³ğŸ¥© #steak #eggs #cooking #outdoorcooking #knifeskills ,https://www.tiktok.com/@thenikosknifee/video/7397469862387338538
7368256421437213995,6800000,645500,2176,13,Happy mothers day ğŸ˜­ğŸ’•,https://www.tiktok.com/@misscarriejune/video/7368256421437213995
7395673491846090026,3600000,392300,2600,481,Dude risked it all ğŸ’€ #truestory #truecrime #loomisfargo #heist #northcarolina ,https://www.tiktok.com/@realraywilliam/video/7395673491846090026
7399765346250411306,5600000,632100,4353,7,Replying to @N8dogreat big steppa walking in to ur #foryoupage ğŸ˜ğŸ¥¾#bigdawgs #hanumankind #indianrap #hiphop #bigsteppa @Fernando3400 @Jayvalenz ,https://www.tiktok.com/@godotes2.0/video/7399765346250411306
7376388209674128683,2500000,115400,224,34,20 Year Olds Made Me Buy Them LEGOS??!ğŸ˜…,https://www.tiktok.com/@rileymae/video/7376388209674128683
7398139817894169899,1600000,280100,1963,91,7 months deep into 2024â€¦. Follow to stay up to date! CHECK IN! How we feeling after last month? #7monthsdeep #july #2024 #recap ,https://www.tiktok.com/@mrgrandeofficial/video/7398139817894169899
7388937148935851306,6500000,442200,1841,79,#cat #funny #fyp #foryou #catsoftiktok #tiktok #funnycat #funnycats ,https://www.tiktok.com/@funny.cat.moments2/video/7388937148935851306
7389283129413979397,118900000,10100000,41800,13,no se puede creer este simuladorâ€¦ #pandora #animalkingdom #insidemagic #insidemagic15 #disney #viral #fyp #quinceaÃ±eras #avatar ,https://www.tiktok.com/@insidemagic15/video/7389283129413979397
7391674256632892703,2800000,467300,3230,14,âš½ï¸,https://www.tiktok.com/@theaishahsofey/video/7391674256632892703
7399757713762225438,1200000,93800,337,133,Replying to @ğŸ’•ChantaleğŸ’• WOWW THIS WEEKâ€™S COOKIES ARE PERFECTION !!! #crumblreview #crumblcookiesoftheweek #eating #fypã‚·ã‚šviral #foodie #mukbang #crunchymukbang #cookiesandmilk #crumbl #foodreview ,https://www.tiktok.com/@thatfoodielyss/video/7399757713762225438
7380117602879704362,6700000,68400,1767,198,Dumpster diver discovers hidden treasure!,https://www.tiktok.com/@funny_rote/video/7380117602879704362
7394942916055076127,2800000,186700,3331,61,need a personal washer dryer unit #ghost #paranormal #horror #horrortok #horrortiktok #scary #scarytiktok #scaryvideos #creepy #creepytok #creepytiktok #paranormalactivity #poltergeist #ghoststories #scarystories ,https://www.tiktok.com/@spangerlookrey/video/7394942916055076127
7395794686000057630,3000000,135800,192,62,Save for later #artistsoftiktok #drawing #lighter #art #tutorial #fyp ,https://www.tiktok.com/@inthehandsoflando/video/7395794686000057630
7269843332707257607,456300,46900,232,5,@ì•„ë£¨ ë ˆë¯¸ì˜ ë¡œë¸”ë¡ìŠ¤ #roblox #altitorture #fyp #foryoupage,https://www.tiktok.com/@jeongremy/video/7269843332707257607
7326486326499429650,1500000,164300,507,11,ë ˆë¯¸ì˜ ë°œë¡œë€íŠ¸ ì¼ê¸° ëª¨ì¹´ì§±í¸ #valorant #vlrt #ë°œë¡œë€íŠ¸ #ì¶”ì²œ #fyp #foryoupage #valorantclips #valorantfunny ,https://www.tiktok.com/@jeongremy/video/7326486326499429650
7354196706776370439,225200,18900,89,8,ë ˆë¯¸ì˜ ë°œë¡œë€íŠ¸ ë©”ëª¨ì§€ ìœ ì„±í¸ #valorant #ì¶”ì²œ #fyp #foryoupage #vlrt #ë°œë¡œë€íŠ¸ #valorantclips #valorantfunny ,https://www.tiktok.com/@jeongremy/video/7354196706776370439
7241006792862453000,921000,126300,1554,30,ë ˆë¯¸ì˜ ìƒì¡´ë…¸íŠ¸ ì²« í˜ì´ì§€ #valorant #vlrt #fyp #foryoupage #ì¶”ì²œ #valorantfunny #ë°œë¡œë€íŠ¸ #valorantclips,https://www.tiktok.com/@jeongremy/video/7241006792862453000
7363161883500743943,2700000,356900,1425,6,Nuh uhğŸ¤«ğŸ§â€â™‚ï¸ #ë°œë¡œë€íŠ¸ #valorant #foryoupage #vlrt #valorantfunny #valorantclips #ì¶”ì²œ #fyp #fypã‚· ,https://www.tiktok.com/@jeongremy/video/7363161883500743943
7269367448808262930,1300000,104600,374,33,ë ˆë¯¸ì˜ ë°œë¡œë€íŠ¸ ì¼ê¸° ì „ê´‘ì„í™”í¸ #valorantclips #valorantfunny #valorant #fyp #foryoupage #vlrt #ì¶”ì²œ #ë°œë¡œë€íŠ¸ ,https://www.tiktok.com/@jeongremy/video/7269367448808262930
7228537452607098113,1000000,114900,484,53,ë ˆë¯¸ì˜ ë°œë¡œë€íŠ¸ ì¼ê¸° ê°ì„±í¸ #valorantclips #valorant #ë°œë¡œë€íŠ¸ #valorantfunny #foryoupage #vlrt #fyp #ì¶”ì²œ ,https://www.tiktok.com/@jeongremy/video/7228537452607098113
7291441765083630866,543300,52700,179,13,ë ˆë¯¸ì˜ ë°œë¡œë€íŠ¸ íšŒì „ ì˜ì—­ì „ê°œí¸ #fyp #foryoupage #ë°œë¡œë€íŠ¸ #ì¶”ì²œ #vlrt #valorant #valorantclips #valorantfunny ,https://www.tiktok.com/@jeongremy/video/7291441765083630866
7259882849258556674,5200000,606600,1712,45,ë ˆë¯¸ì˜ ë°œë¡œë€íŠ¸ ì¼ê¸° ìŠ¤íŒŒì´í¸ #valorantfunny #valorantclips #valorant #vlrt #ì¶”ì²œ #ë°œë¡œë€íŠ¸ #foryoupage #fyp ,https://www.tiktok.com/@jeongremy/video/7259882849258556674
7186655261413641474,1300000,126500,843,32,ë ˆë¯¸ì˜ ë°œë¡œë€íŠ¸. #valorantclips #fyp #ì¶”ì²œ #ë°œë¡œë€íŠ¸ #valorant #valorantfunny #ê°™ì´í• ì‚¬ëŒ ,https://www.tiktok.com/@jeongremy/video/7186655261413641474
7209307835031670017,898800,93700,371,43,ë ˆë¯¸ì˜ ë°œë¡œë€íŠ¸ ì¼ê¸°. with æ—¥æœ¬ã®å‹é”#valorantclips #valorant #valorantfunny #vlrt #fyp #foryoupage #ì¶”ì²œ #ë°œë¡œë€íŠ¸ ,https://www.tiktok.com/@jeongremy/video/7209307835031670017
7277142284313955592,2000000,243500,737,44,ë ˆë¯¸ì˜ ë°œë¡œë€íŠ¸ ì¼ê¸° í•©ì˜í¸ #valorantfunny #valorantclips #valorant #vlrt #ì¶”ì²œ #ë°œë¡œë€íŠ¸ #foryoupage #fyp ,https://www.tiktok.com/@jeongremy/video/7277142284313955592
7272984933172268296,1500000,132900,306,38,ë ˆë¯¸ì˜ ë°œë¡œë€íŠ¸ ì¼ê¸° ëŒ€ì‰¬í¸ #valorantfunny #valorantclips #valorant #vlrt #ì¶”ì²œ #ë°œë¡œë€íŠ¸ #foryoupage #fyp ,https://www.tiktok.com/@jeongremy/video/7272984933172268296
7202055726829800706,490700,57000,391,45,ë ˆë¯¸ì˜ ë°œë¡œë€íŠ¸ ì¼ê¸° ë™ë¬¼ì› í¸ with @OMENIRL #ë°œë¡œë€íŠ¸ #ì¶”ì²œ #foryoupage #fyp #vlrt #valorantfunny #valorant #valorantclips ,https://www.tiktok.com/@jeongremy/video/7202055726829800706
7368303063053896967,143000,10900,83,10,ë ˆë¯¸ì˜ ë°œë¡œë€íŠ¸ ìª½ì§€ ì ˆì œí¸ #valorantfunny #valorantclips #valorant #vlrt #fyp #fypã‚· #ì¶”ì²œ #ë°œë¡œë€íŠ¸ #foryoupage ,https://www.tiktok.com/@jeongremy/video/7368303063053896967
7394381081040014600,344900,34800,205,61,ë ˆë¯¸ì˜ ë°œë¡œë€íŠ¸ ì¼ê¸° ì¥ë§ˆí¸ [ í”„ë¡œí•„ì— ë””ì½”ë°© ë§í¬ ìˆì–´ìš” ] #valorant #ì¶”ì²œ #vlrt #foryoupage #fyp #ë°œë¡œë€íŠ¸ #valorantclips #valorantfunny #fypã‚· ,https://www.tiktok.com/@jeongremy/video/7394381081040014600
7307504420550364424,956300,92400,407,41,ë ˆë¯¸ì˜ ë°œë¡œë€íŠ¸ ì¼ê¸° ì—”íŠ¸ë¦¬í¸ #valorantfunny #valorantclips #valorant #vlrt #ì¶”ì²œ #ë°œë¡œë€íŠ¸ #foryoupage #fyp ,https://www.tiktok.com/@jeongremy/video/7307504420550364424
7330790429824240928,2600000,75500,692,29,Smartest Cypher player fr ğŸ’€ğŸ’€ #valorant #valorantclips #valorantgaming #valorantfunny #valorantclip #valoranttips #valorantedit #gaming #gamingvideos #gamingmemes #foryou #foryoupage ,https://www.tiktok.com/@valkeychains/video/7330790429824240928
7329562247007702305,4500000,335100,816,47,Would you get voicemod to sound like jett in game? ğŸ¤¯ğŸ¤£ #valorant #valorantclips #valorantgaming #valorantfunny #valorantclip #valorantmemes #valoranttips #valorantedit #gaming #gamingontiktok #foryou #foryoupage ,https://www.tiktok.com/@valkeychains/video/7329562247007702305
7389197707534994695,118500,9852,121,13,Im láº·ng lÃ  vÃ ng ğŸ˜¶ #callofdutymobilevn #codmvn #gamingontiktok,https://www.tiktok.com/@codm.vng.games/video/7389197707534994695
7391485481520876818,803900,27700,255,21,PERK nÃ o lÃ  phÃ¹ há»£p nháº¥t vá»›i SNIPER ğŸ˜? #callofdutymobilevn #codmvn #gamingontiktok,https://www.tiktok.com/@codm.vng.games/video/7391485481520876818
7397764599740714248,372300,33100,431,29,Khi gáº·p camper trong CODM ğŸ¤£ #callofdutymobilevn #codmvn #gamingontiktok,https://www.tiktok.com/@codm.vng.games/video/7397764599740714248
7391862600184663304,457600,11700,124,36,Má»™t tráº­n Ä‘áº¥u cá»§a CAMPER trong báº£n Ä‘á»“ FIRING RANGE ğŸ˜ #callofdutymobilevn #camper #codmvn #gamingontiktok,https://www.tiktok.com/@codm.vng.games/video/7391862600184663304
7392853490831215880,118900,2555,40,17,Sá»± khÃ¡c biá»‡t giá»¯a ngÆ°á»i chÆ¡i PRO vÃ  BÃŒNH THÆ¯á»œNG ğŸ¤£ #callofdutymobilevn #codmvn #gamingontiktok,https://www.tiktok.com/@codm.vng.games/video/7392853490831215880
7392925255729302791,457200,44000,594,13,Siuuuuuuuuuuu ğŸ˜‚ #callofdutymobilevn #codmvn #gamingontiktok,https://www.tiktok.com/@codm.vng.games/video/7392925255729302791
7396561618378722568,707000,50300,355,48,TOP gÃ³c kÃª â€œÃT NGÆ¯á»œI BIáº¾Tâ€ trong cháº¿ Ä‘á»™ MP ğŸ˜ #CODMVN #callofdutymobilevn #gamingontiktok ,https://www.tiktok.com/@codm.vng.games/video/7396561618378722568
7390263703704194322,560700,10300,137,14,Khi SNIPER sá»­ dá»¥ng Perk Cá»¨NG CÃP - TOUGHNESS ğŸ˜ #callofdutymobilevn #codmvn #gamingontiktok,https://www.tiktok.com/@codm.vng.games/video/7390263703704194322
7398180499354602759,240100,8568,163,15,Review tháº» bá»• trá»£ Ráº®N BIá»‚N trong cháº¿ Ä‘á»™ MP ğŸ˜ #callofdutymobilevn #codmvn #gamingontiktok,https://www.tiktok.com/@codm.vng.games/video/7398180499354602759
7398140002191920392,471300,35300,499,33,KhÃ´ng ngá» tá»›i pháº£i khÃ´ng ğŸ˜‚ #callofdutymobilevn #codmvn #gamingontiktok,https://www.tiktok.com/@codm.vng.games/video/7398140002191920392
7386215290561973512,1200000,33900,448,17,Sá»‘ 4 cháº¯c cÃ³ nhiá»u tÃ¢m sá»± láº¯m ğŸ˜” #callofdutymobilevn #codmvn #gamingontiktok,https://www.tiktok.com/@codm.vng.games/video/7386215290561973512
7397036139317595393,172500,11700,92,50,Khi báº¡n thuá»™c táº¥t cáº£ gÃ³c kÃª trong báº£n Ä‘á»“ MP trong CODM ğŸ˜ #callofdutymobilevn #codmvn #gamingontiktok,https://www.tiktok.com/@codm.vng.games/video/7397036139317595393
7400114558343466273,129300,17400,426,47,Did you ever see a drop like this? @miturdeath  #akmancodm #codmobile,https://www.tiktok.com/@akmancodm/video/7400114558343466273
7399973435306167584,114500,12600,159,46,this revenger wouldnÂ´t let me alone...  #akmancodm #codmobile,https://www.tiktok.com/@akmancodm/video/7399973435306167584
7399601810312416545,125200,15800,333,74,"Streamsniping, holding hands and still crying... #akmancodm #codmobile",https://www.tiktok.com/@akmancodm/video/7399601810312416545
7399241115720830240,161400,15400,384,19,ACTIVISION?! what is this now?! #akmancodm #codmobile,https://www.tiktok.com/@akmancodm/video/7399241115720830240
7399037374522559777,248600,18000,352,31,ACTIVSION HOW?! #akmancodm #codmobile,https://www.tiktok.com/@akmancodm/video/7399037374522559777
7398888855832661281,300400,33400,466,72,bad boys bad boys what you gonna do #akmancodm #codmobile,https://www.tiktok.com/@akmancodm/video/7398888855832661281
7398771975780338977,121300,9550,150,63,with this strategy you will never lose #akmancodm #codmobile,https://www.tiktok.com/@akmancodm/video/7398771975780338977
7398736537489313057,213900,32200,582,19,ACTIVISION?! #akmancodm #codmobile,https://www.tiktok.com/@akmancodm/video/7398736537489313057
7398586265412570400,305100,17800,248,58,they thought Im a free kill #akmancodm #codmobile,https://www.tiktok.com/@akmancodm/video/7398586265412570400
7398509823437933856,178000,16400,201,55,from 17 to 25 kills in 50 sec... @miturdeath @pariscod  #akmancodm #codmobile,https://www.tiktok.com/@akmancodm/video/7398509823437933856
7398367422442425633,222600,27200,493,91,"""If you win, you can have my Girlfriend"" #akmancodm #codmobile",https://www.tiktok.com/@akmancodm/video/7398367422442425633
7375179048487685422,2100000,140500,914,31,BLACK OPS 2 Woods sees Menendez and crashes out #callofduty #blackops #blackops6 #codblackops #newcallofduty #gamingnews #foryoupage #bo6 #fyp #warzone #mw3 #zombies #codzombies #zombiesnews #blackopsnews #newzombie #bo2 #blackops2 #woods #menendez #mason #blackopsbestmoments #callofdutyclips ,https://www.tiktok.com/@machiavellicod/video/7375179048487685422
7375576326809423146,217400,11700,99,18,Replying to @mikeawsd ğŸ•¸ï¸ Menendez tries to save his sister from Woods #callofduty #blackops #blackops6 #codblackops #newcallofduty #gamingnews #foryoupage #bo6 #fyp #warzone #mw3 #zombies #codzombies #zombiesnews #blackopsnews #newzombie #blackopsmoments #frankwoods #menendez #codnostalgia #codmoments,https://www.tiktok.com/@machiavellicod/video/7375576326809423146
7378577450697100586,290500,18300,531,49,BO6 NEW MOVEMENT. THOUGHTS? #blackops6 #blackops6news #cod #callofduty #callofdutynews #codnews #bo6 #bo6leaks #bo6news #blackops #codzombies #bo6zombies #blackopsnews,https://www.tiktok.com/@machiavellicod/video/7378577450697100586
7377807586520780074,163300,4593,662,15,*NEW* Black Ops 6 leak rumors that there will be â€œOmnidirectional Movementâ€ and the return of sliding ğŸ”¥ğŸ”¥ #callofduty #blackops #blackops6 #codblackops #newcallofduty #gamingnews #foryoupage #bo6 #fyp #warzone #mw3 #zombies #codzombies #blackopsnews,https://www.tiktok.com/@machiavellicod/video/7377807586520780074
7391171927966108935,2600000,168700,572,39,The CS community showcasing their creativity ğŸ˜ (Pt. 3)  #cs2 #csgo #counterstrike2 #counterstrike #cs2memes #csgomoments #csgomemes #ohnepixel ,https://www.tiktok.com/@ohnealpixel/video/7391171927966108935
7372490491083967752,2900000,206900,981,38,He has PTSD from the first Talon knife incident ğŸ’€ #cs2 #csgo #counterstrike2 #counterstrike #cs2memes #csgomoments #csgomemes #ohnepixel ,https://www.tiktok.com/@ohnealpixel/video/7372490491083967752
7363810409792539922,1700000,188700,1234,31,This is why CS players are switching over to Valorant ğŸ¤¯ #cs2 #csgo #counterstrike2 #counterstrike #valorant #valorantclips #csmemes #csgomoments #csgomemes #ohnepixel #gaming ,https://www.tiktok.com/@ohnealpixel/video/7363810409792539922
7398620731396853010,1100000,118600,377,41,Bro was about to join them at the end ğŸ˜­ #cs2 #csgo #counterstrike2 #counterstrike #cs2memes #csgomoments #csgomemes #ohnepixel ,https://www.tiktok.com/@ohnealpixel/video/7398620731396853010
7109082779048185094,1700000,110400,366,17,is he allowed to use that??? #csgo,https://www.tiktok.com/@ohnepixel/video/7109082779048185094
7128005763737439494,1700000,135200,993,9,#csgo #fyp,https://www.tiktok.com/@ohnepixel/video/7128005763737439494
7071994485428800774,2700000,267000,808,19,he did not just say that during a major qualifier ğŸ˜‚ğŸ’€ #csgo,https://www.tiktok.com/@ohnepixel/video/7071994485428800774
7400065528506682656,102200,10200,36,17,Polish FranzJ ğŸ’€,https://www.tiktok.com/@ohnepixel/video/7400065528506682656
7399724954683493665,125400,10600,64,13,just one more case #thehobby #counterstrike,https://www.tiktok.com/@ohnepixel/video/7399724954683493665
7399618389548862753,305400,28100,110,16,Bros moving to valorant ğŸ’€,https://www.tiktok.com/@ohnepixel/video/7399618389548862753
7399315899884342561,568800,46400,179,22,bros a valorant expert now ğŸ’€,https://www.tiktok.com/@ohnepixel/video/7399315899884342561
7399296077066767649,333200,14900,113,22,his keyboard ruined the game ğŸ’€ #cs2,https://www.tiktok.com/@ohnepixel/video/7399296077066767649
7399262491521387808,223000,23300,37,22,THIS was just unboxed ğŸ˜³ #cs2skins,https://www.tiktok.com/@ohnepixel/video/7399262491521387808
7399015255436758304,573600,18400,124,17,this can't be real ğŸ˜³ #ishowspeed,https://www.tiktok.com/@ohnepixel/video/7399015255436758304
7398973931278978337,978200,114700,361,11,taking care of my team,https://www.tiktok.com/@ohnepixel/video/7398973931278978337
7398948091967163681,313300,22600,223,29,fix your game ğŸ’€ #counterstrike2,https://www.tiktok.com/@ohnepixel/video/7398948091967163681
7398934798443498784,142000,8335,32,14,"$10,000 fine in valorant ğŸ’€ #cs2 #esports",https://www.tiktok.com/@ohnepixel/video/7398934798443498784
7398880926220045601,288500,21600,68,8,counter-strike is done ğŸ’€,https://www.tiktok.com/@ohnepixel/video/7398880926220045601
7395698710987984171,3700000,367600,1250,13,new shoe unlocked?,https://www.tiktok.com/@hotblockchain/video/7395698710987984171
7390518159519911211,8200000,820200,1113,13,"since yall liked the first one! and yes, i do only have one pir of heels lol",https://www.tiktok.com/@hotblockchain/video/7390518159519911211
7380046312198180139,1800000,177100,672,24,I JUST NEED ONE! @TrÃ¼ FrÃ¼ available at your local Walmart dawling! #trufrupartner,https://www.tiktok.com/@khian.kb/video/7380046312198180139
7394635989500710186,4700000,786200,1095,60,Tuxedo Cat Activities #cat #catsoftiktok #pet #petsoftiktok #funnycats #funnypets #catlover #tuxedocat #foryou #fypage ,https://www.tiktok.com/@petlovers216/video/7394635989500710186
7390520947608014110,11000000,1700000,4723,15,Hopefully he drops one dayâ€¦,https://www.tiktok.com/@create.every.d4y/video/7390520947608014110
7396167409595452715,3400000,568900,2564,15,@pglang just tell me if theres a song or notâ€¦,https://www.tiktok.com/@create.every.d4y/video/7396167409595452715
7390355838071819538,632200,71100,5519,124,Guys real account bas yehi hai 1.1M followers wala ğŸ™‚ #tmg_amna  #tmgamna,https://www.tiktok.com/@tmg_amna/video/7390355838071819538
7363668130465434898,988200,142700,8201,19,â¤ï¸,https://www.tiktok.com/@tmg_amna/video/7363668130465434898
7373280613673045253,1700000,149300,7115,14,We're 1 million familyâ¤ï¸ #tmgamna #1millonfollowers #pubgmobile #pubg #tmg_amna #girlgamer ,https://www.tiktok.com/@tmg_amna/video/7373280613673045253
7399279104433982738,122200,8743,299,49,Ye to bht fast thy ğŸ˜± #PUBGMNextStarProgram #PUBGMOBILE  #PUBGMOBILEC7S19,https://www.tiktok.com/@tmg_amna/video/7399279104433982738
7399278537041136914,121500,8516,289,48,Badla loongi ğŸ˜± #PUBGMNextStarProgram #PUBGMOBILE  #PUBGMOBILEC7S19,https://www.tiktok.com/@tmg_amna/video/7399278537041136914
7398908578284752146,129400,11100,441,43,They have no idea ğŸ˜‚ #PUBGMNextStarProgram #PUBGMOBILE  #PUBGMOBILEC7S19,https://www.tiktok.com/@tmg_amna/video/7398908578284752146
7400140384921308458,1500000,268000,702,13,Trio back at it ğŸ˜‚ğŸ”¥ğŸ”¥ ( @Zeddy Will ğŸ¤  & @LightskinMonte ) #jerseyclub #jerseyyjoe #jersey #trend #viral #fyp ,https://www.tiktok.com/@jerseyyjoe/video/7400140384921308458
7390163108938943790,3200000,491400,711,45,"STAND UP COMEDY TOUR: Palm Springs 8/2 | NYC 8/9 | Gary, IN 8/23 | Richmond 8/24 | Louisville 9/6-7 | Glasgow 9/18 | Dublin 9/19 | London 9/20 | Belfast 9/21 | Manchester 9/22 | Miami 9/27-29 | Irvine 10/11-13 | Toronto 10/17 | Pittsburg 10/18 | Cincinnati 10/19 | Philadelphia 10/25 | Newark 10/26 | Washington DC 11/2 | Oxnard 11/15-17 | VA Beach 12/13-14 ",https://www.tiktok.com/@blaucomedy/video/7390163108938943790
7399736879878245662,1100000,22800,399,60,Satisfying Wheel Cleaning! #wddetailing #detailing #satisfying #trending #carcleaning #barnfind #fyp #carwash #trend #asmr #pressurewashing #satisfyingvideos #cardetailing ,https://www.tiktok.com/@wddetailing/video/7399736879878245662
7400285987613576491,2200000,376300,1602,6,I recorded a nose print for a stupid guy and he was so angry that he cursed for ten minutes #catnoseprintunlock ,https://www.tiktok.com/@mr.cattttttt/video/7400285987613576491
7371880681741241646,4600000,44700,322,57,its like the signs are helping me check my vitality. ğŸ‘€ its moments like this that make me believe in the colors of the wind ğŸ¥¹ğŸ¤âœ¨ğŸ€ #signs #goodluck #vital #condition ,https://www.tiktok.com/@thegraciecarol/video/7371880681741241646
7398066242579434782,2100000,274800,1436,12,the ones whoâ€™ve been here day 1 know how rough 1L was for me.. but it rlly does feel like things are looking up now ğŸ¥¹ #lawschool #lawstudent #1L #lawschoollife #lawschooltips #lawstudentlife #lawtok ,https://www.tiktok.com/@molizabaeth/video/7398066242579434782
7394303203380170015,978300,61900,1285,15,Join along as we expose the scum of society. Full documentary on my YT now. #truecrime #truecrimetiktok #truecrimetok #crimetok #evil #dark #disturbing #epstein #epsteinisland #jeffreyepstein #conspiracy #conspiracytheory #dark #disturbing #michigan #mi #america #politics ,https://www.tiktok.com/@theparanormalfiles/video/7394303203380170015
7368276526166560046,2500000,192800,736,46,Not her FACE!! She was so disgusted LOL @brooklynn #fypã‚· #trending #viral #couple #couplegoals #Love #boyfriend #themacfamily ,https://www.tiktok.com/@themacfamily/video/7368276526166560046
7397606088373472558,3600000,719400,8841,7,,https://www.tiktok.com/@thaatbishlilyy/video/7397606088373472558
7371182464254938410,9700000,82800,210,57,3 scary videos #scary #horror #mystery #scaryvideos ,https://www.tiktok.com/@nodrama_scaryvideos96/video/7371182464254938410
7390906956946378014,6200000,318800,1028,60,Amazon Kitchen Finds.. wait for last one. #tiktokmademebuyit #amazonfinds #gadget #fyp #amazonmusthaves ,https://www.tiktok.com/@findsfromamazon26/video/7390906956946378014
7367053034674769198,1600000,147400,574,62,gets worseâ€¦ #gym #gymtok #gymgirl #girl #fyp ,https://www.tiktok.com/@summerfarage/video/7367053034674769198
7393054859102063903,38600000,2800000,15000,25,We tried the egg toss challenge @Kai Cenat @Logan Paul @IShowSpeed #eggchallenge #spinthebottle ,https://www.tiktok.com/@mrbeast/video/7393054859102063903
7400055345785228587,1000000,40400,293,13,"Tried the viral rice paper croissant ğŸ¥ Theyâ€™re gluten free and turned out wayyy better than I expected. Also very fun and easy to make, 10/10 would recommend. #croissant #ricepaper #glutenfree ",https://www.tiktok.com/@homemeide/video/7400055345785228587
7384288536607853866,6300000,365500,2670,11,,https://www.tiktok.com/@sophieraiin/video/7384288536607853866
7384513320675757358,2700000,82000,2733,89,Original video   So what happened was 3 young males did a drive by shooting that has seriously injured a 70 yr old lady. 40 rounds were let off! The 3 males took police on a high speed chase and wrecked on a bridge leading to Pace. 3 males jumped out the vehicle and jumped off of bridge causing the K-9 dog â€œStreeterâ€ to jump off the bridge behind one of the suspects. #fypã‚·ã‚šviral #4u #pensacolaflorida #pensacola #escambiacounty #florida #viral #foryoupage #trending ##trendingsound #Viral #fypage #fypã‚·ã‚šviral #fypage #hashtag #original #originalsound #fanpage #wildingout #,https://www.tiktok.com/@shy_shyy54/video/7384513320675757358
7379681991781895467,77900000,2700000,19100,113,How to spice up your bedroom! ğŸŒ¶ï¸ I know you all want one... Check link in my bio for access to these tools #DoItWithHART #HARTPartner @HART Tools ,https://www.tiktok.com/@blake.kinsman/video/7379681991781895467
7399665920492260650,1300000,18400,33,60,#satisfying #satisfyingvideo #coloring #coloringbook ,https://www.tiktok.com/@_choose.happy_/video/7399665920492260650
7396819635791826219,1100000,118000,925,59,Which decade was your favorite ğŸ¤” @FIK-SHUN ,https://www.tiktok.com/@itzslavik/video/7396819635791826219
7378725764390505774,2900000,190400,658,9,interlinked ğŸ’•,https://www.tiktok.com/@themailmansbaby/video/7378725764390505774
